-- phpMyAdmin SQL Dump
-- version 4.1.6
-- http://www.phpmyadmin.net
--
-- Host: 127.0.0.1
-- Generation Time: 05-Jan-2016 às 23:19
-- Versão do servidor: 5.6.16
-- PHP Version: 5.5.9

SET SQL_MODE = "NO_AUTO_VALUE_ON_ZERO";
SET time_zone = "+00:00";


/*!40101 SET @OLD_CHARACTER_SET_CLIENT=@@CHARACTER_SET_CLIENT */;
/*!40101 SET @OLD_CHARACTER_SET_RESULTS=@@CHARACTER_SET_RESULTS */;
/*!40101 SET @OLD_COLLATION_CONNECTION=@@COLLATION_CONNECTION */;
/*!40101 SET NAMES utf8 */;

--
-- Database: `chat`
--

-- --------------------------------------------------------

--
-- Estrutura da tabela `conv`
--

CREATE TABLE IF NOT EXISTS `conv` (
  `id_conv` int(11) NOT NULL AUTO_INCREMENT,
  `id_remetente` int(11) NOT NULL,
  `data` datetime NOT NULL,
  `texto` varchar(200) NOT NULL,
  PRIMARY KEY (`id_conv`),
  KEY `id_remetente` (`id_remetente`)
) ENGINE=InnoDB  DEFAULT CHARSET=latin1 AUTO_INCREMENT=133 ;

--
-- Extraindo dados da tabela `conv`
--

INSERT INTO `conv` (`id_conv`, `id_remetente`, `data`, `texto`) VALUES
(89, 1, '2016-01-05 19:52:32', 'oi'),
(90, 3, '2016-01-05 19:52:39', 'asjkoiajo'),
(91, 12, '2016-01-05 20:10:19', 'Boa Noite'),
(92, 13, '2016-01-05 20:10:35', 'Hello Word'),
(93, 11, '2016-01-05 20:11:03', 'Fala craquinho'),
(94, 10, '2016-01-05 20:11:19', 'amigo do dolinho'),
(95, 12, '2016-01-05 20:11:32', 'oi'),
(96, 14, '2016-01-05 20:11:39', 'Olá pessoal'),
(97, 13, '2016-01-05 20:11:42', 'trololo'),
(98, 17, '2016-01-05 20:11:43', 'craquinho craqueiro'),
(99, 19, '2016-01-05 20:12:02', 'Alguém de POA???'),
(100, 14, '2016-01-05 20:12:12', 'E ai fumaça'),
(101, 16, '2016-01-05 20:12:19', 'sim'),
(102, 21, '2016-01-05 20:12:34', 'AEHOOOO'),
(103, 21, '2016-01-05 20:12:39', 'KKKKKKK'),
(104, 15, '2016-01-05 20:12:53', 'sindrome de down'),
(105, 19, '2016-01-05 20:13:00', 'Alguém toma Gardenal???'),
(106, 21, '2016-01-05 20:13:21', 'a'),
(107, 19, '2016-01-05 20:13:33', '#marioveludoooooo'),
(108, 12, '2016-01-05 20:13:53', 'Parabéns!!!'),
(109, 21, '2016-01-05 20:14:11', 'NEUTRO'),
(110, 18, '2016-01-05 20:14:12', 'PARABENS'),
(111, 21, '2016-01-05 20:14:13', 'FASE'),
(112, 15, '2016-01-05 20:14:15', 'eu te rastreei'),
(113, 19, '2016-01-05 20:14:27', 'Canouuuuuasssss'),
(114, 21, '2016-01-05 20:14:35', 'EU TE RASTREEI'),
(115, 21, '2016-01-05 20:14:36', 'CANOAS'),
(116, 21, '2016-01-05 20:14:51', 'CANOOOOUAS'),
(117, 19, '2016-01-05 20:14:56', 'Alguém para sair no Sábado a noite!!!!'),
(118, 21, '2016-01-05 20:15:04', 'CARENTÃO'),
(119, 19, '2016-01-05 20:15:10', 'Chupa Ronaldo'),
(120, 13, '2016-01-05 20:15:18', 'char coletivo né'),
(121, 19, '2016-01-05 20:15:23', 'falou tudo Mario'),
(122, 13, '2016-01-05 20:15:24', 'dalhe lingua roscaaaa'),
(123, 19, '2016-01-05 20:15:32', 'Experiencia propria'),
(124, 13, '2016-01-05 20:15:38', 'kkkkkkkkkkkkkkkkkkkk'),
(125, 21, '2016-01-05 20:15:39', 'www.mesquitube.com.br/margarina'),
(126, 13, '2016-01-05 20:15:43', 'uiuiuiu'),
(127, 14, '2016-01-05 20:15:56', 'eai'),
(128, 13, '2016-01-05 20:16:05', 'uehueeehueehuehu'),
(129, 19, '2016-01-05 20:16:08', 'alguem quer comprar um Kit???'),
(130, 17, '2016-01-05 20:17:01', 'E ai Brow!?!'),
(131, 19, '2016-01-05 20:18:03', 'Alguém com ICQ???'),
(132, 18, '2016-01-05 20:18:44', 'CADE O JIPAO');

-- --------------------------------------------------------

--
-- Estrutura da tabela `conv_user`
--

CREATE TABLE IF NOT EXISTS `conv_user` (
  `id_conv` int(11) NOT NULL,
  `id_user` int(11) NOT NULL,
  KEY `id_reg_fk` (`id_conv`),
  KEY `id_chat` (`id_conv`),
  KEY `id_user` (`id_user`)
) ENGINE=InnoDB DEFAULT CHARSET=latin1;

--
-- Extraindo dados da tabela `conv_user`
--

INSERT INTO `conv_user` (`id_conv`, `id_user`) VALUES
(89, 1),
(89, 3),
(90, 1),
(90, 3),
(91, 9),
(91, 10),
(91, 12),
(92, 9),
(92, 10),
(92, 12),
(92, 13),
(92, 15),
(93, 10),
(94, 9),
(94, 10),
(94, 12),
(94, 13),
(94, 15),
(94, 16),
(94, 18),
(95, 9),
(95, 10),
(95, 12),
(95, 13),
(95, 15),
(95, 18),
(96, 9),
(96, 10),
(96, 12),
(96, 13),
(96, 15),
(96, 18),
(97, 9),
(97, 10),
(97, 12),
(97, 13),
(97, 15),
(97, 18),
(98, 9),
(98, 10),
(98, 12),
(98, 13),
(98, 15),
(98, 18),
(99, 9),
(99, 10),
(99, 12),
(99, 13),
(99, 15),
(99, 16),
(99, 18),
(100, 16),
(101, 9),
(101, 12),
(101, 13),
(101, 15),
(101, 16),
(101, 18),
(101, 20),
(102, 9),
(102, 12),
(102, 13),
(102, 15),
(102, 16),
(102, 18),
(102, 20),
(102, 21),
(103, 9),
(103, 12),
(103, 13),
(103, 15),
(103, 16),
(103, 18),
(103, 20),
(103, 21),
(104, 9),
(104, 12),
(104, 13),
(104, 15),
(104, 16),
(104, 18),
(104, 20),
(104, 21),
(105, 9),
(105, 12),
(105, 13),
(105, 15),
(105, 16),
(105, 18),
(105, 20),
(105, 21),
(106, 9),
(106, 12),
(106, 13),
(106, 15),
(106, 16),
(106, 18),
(106, 20),
(106, 21),
(107, 9),
(107, 12),
(107, 13),
(107, 15),
(107, 16),
(107, 18),
(107, 20),
(107, 21),
(108, 9),
(108, 12),
(108, 13),
(108, 15),
(108, 16),
(108, 18),
(108, 20),
(108, 21),
(109, 9),
(109, 12),
(109, 13),
(109, 15),
(109, 16),
(109, 18),
(109, 20),
(109, 21),
(110, 9),
(110, 12),
(110, 13),
(110, 15),
(110, 16),
(110, 18),
(110, 20),
(110, 21),
(111, 9),
(111, 12),
(111, 13),
(111, 15),
(111, 16),
(111, 18),
(111, 20),
(111, 21),
(112, 9),
(112, 12),
(112, 13),
(112, 15),
(112, 16),
(112, 18),
(112, 20),
(112, 21),
(113, 9),
(113, 12),
(113, 13),
(113, 15),
(113, 16),
(113, 18),
(113, 20),
(113, 21),
(114, 9),
(114, 12),
(114, 13),
(114, 15),
(114, 16),
(114, 18),
(114, 20),
(114, 21),
(115, 9),
(115, 12),
(115, 13),
(115, 15),
(115, 16),
(115, 18),
(115, 20),
(115, 21),
(116, 9),
(116, 12),
(116, 13),
(116, 15),
(116, 16),
(116, 18),
(116, 20),
(116, 21),
(117, 9),
(117, 12),
(117, 13),
(117, 15),
(117, 16),
(117, 18),
(117, 20),
(117, 21),
(118, 9),
(118, 12),
(118, 13),
(118, 15),
(118, 16),
(118, 18),
(118, 20),
(118, 21),
(119, 9),
(119, 12),
(119, 13),
(119, 15),
(119, 16),
(119, 18),
(119, 20),
(119, 21),
(120, 9),
(120, 12),
(120, 13),
(120, 15),
(120, 16),
(120, 18),
(120, 20),
(120, 21),
(121, 9),
(121, 12),
(121, 13),
(121, 15),
(121, 16),
(121, 18),
(121, 20),
(121, 21),
(122, 9),
(122, 12),
(122, 13),
(122, 15),
(122, 16),
(122, 18),
(122, 20),
(122, 21),
(123, 9),
(123, 12),
(123, 13),
(123, 15),
(123, 16),
(123, 18),
(123, 20),
(123, 21),
(124, 9),
(124, 12),
(124, 13),
(124, 15),
(124, 16),
(124, 18),
(124, 20),
(124, 21),
(125, 9),
(125, 12),
(125, 13),
(125, 15),
(125, 16),
(125, 18),
(125, 20),
(125, 21),
(126, 9),
(126, 12),
(126, 13),
(126, 15),
(126, 16),
(126, 18),
(126, 20),
(126, 21),
(127, 9),
(127, 12),
(127, 13),
(127, 15),
(127, 16),
(127, 18),
(127, 20),
(127, 21),
(128, 9),
(128, 12),
(128, 13),
(128, 15),
(128, 16),
(128, 18),
(128, 20),
(128, 21),
(129, 9),
(129, 12),
(129, 13),
(129, 15),
(129, 16),
(129, 18),
(129, 20),
(129, 21),
(130, 18),
(131, 9),
(131, 11),
(131, 12),
(131, 13),
(131, 15),
(131, 16),
(131, 18),
(131, 19),
(131, 20),
(131, 22),
(132, 9),
(132, 11),
(132, 12),
(132, 13),
(132, 15),
(132, 16),
(132, 18),
(132, 19),
(132, 20),
(132, 22);

-- --------------------------------------------------------

--
-- Estrutura da tabela `user`
--

CREATE TABLE IF NOT EXISTS `user` (
  `id_user` int(11) NOT NULL AUTO_INCREMENT,
  `nome` varchar(50) NOT NULL,
  `login` varchar(15) NOT NULL,
  `senha` varchar(15) NOT NULL,
  `logado` tinyint(1) NOT NULL,
  PRIMARY KEY (`id_user`)
) ENGINE=InnoDB  DEFAULT CHARSET=latin1 AUTO_INCREMENT=23 ;

--
-- Extraindo dados da tabela `user`
--

INSERT INTO `user` (`id_user`, `nome`, `login`, `senha`, `logado`) VALUES
(1, 'Tiago', 'tiago', 'tiago', 0),
(2, 'James', 'james', 'james', 0),
(3, 'Juliano', 'juliano', '1234', 0),
(9, 'guedes', 'guedes', 'rgb736286', 0),
(10, 'craquinho', 'abad32', '123', 0),
(11, 'Eduardo Moraes', 'eduardo', '123', 1),
(12, 'Helen', 'Helen', 'helen', 1),
(13, 'Gabriel', 'dns', '12345', 1),
(14, 'cesar', 'cesar', '12345', 0),
(15, 'Isabelle', 'Isabelle', '1506', 1),
(16, 'Felipe', 'Felipe', '19931983', 1),
(17, 'Diogo', 'Ustra', '2016', 0),
(18, 'vanderson', 'Vanderson', 'cad', 1),
(19, 'Lingua Rosca', 'mar', '1234', 1),
(20, 'jose', 'jose', '12345678', 1),
(21, 'MARGARINA', 'm55', '123', 0),
(22, 'Mary', '222', '546', 1);

--
-- Constraints for dumped tables
--

--
-- Limitadores para a tabela `conv`
--
ALTER TABLE `conv`
  ADD CONSTRAINT `conv_ibfk_1` FOREIGN KEY (`id_remetente`) REFERENCES `user` (`id_user`) ON DELETE NO ACTION ON UPDATE NO ACTION;

--
-- Limitadores para a tabela `conv_user`
--
ALTER TABLE `conv_user`
  ADD CONSTRAINT `conv_user_ibfk_3` FOREIGN KEY (`id_conv`) REFERENCES `conv` (`id_conv`) ON DELETE CASCADE ON UPDATE CASCADE,
  ADD CONSTRAINT `conv_user_ibfk_4` FOREIGN KEY (`id_user`) REFERENCES `user` (`id_user`) ON DELETE CASCADE ON UPDATE CASCADE;

/*!40101 SET CHARACTER_SET_CLIENT=@OLD_CHARACTER_SET_CLIENT */;
/*!40101 SET CHARACTER_SET_RESULTS=@OLD_CHARACTER_SET_RESULTS */;
/*!40101 SET COLLATION_CONNECTION=@OLD_COLLATION_CONNECTION */;
